0,0,0.0587205,0.127046,0.128385
0,0,0.0441661,0.153234,0.148073
0,0,0.0580862,0.125781,0.127093
0,0,0.0393898,0.16451,0.15085
0,0,0.0770047,0.142657,0.137271
0,0,0.0456704,0.153222,0.148056
0,0,0.0636606,0.116313,0.116132
0,0,0.0721008,0.143758,0.13891
0,0,0.0852469,0.153185,0.150404
0,0,0.050421,0.106353,0.109248
0,0,0.0838157,0.153567,0.15073
0,0,0.0455704,0.154271,0.149019
0,0,0.0644832,0.113817,0.115256
0,0,0.037664,0.109689,0.112704
0,0,0.0662388,0.0979171,0.0940528
0,0,0.066062,0.153818,0.141039
0,0,0.036042,0.10933,0.11237
0,0,0.0728506,0.15063,0.137557
0,0,0.0471582,0.110757,0.110654
0,0,0.0699418,0.117919,0.117353
0,0,0.0716842,0.126737,0.126667
0,0,0.0490892,0.121164,0.121488
0,0,0.0663396,0.154025,0.14128
0,0,0.0376594,0.113526,0.112824
0,0,0.0781704,0.142277,0.136826
0,0,0.0546184,0.159409,0.146099
0,0,0.0761165,0.113447,0.113241
0,0,0.0578892,0.148846,0.143839
0,0,0.077612,0.113126,0.112969
0,0,0.0469292,0.110405,0.110289
0,0,0.075841,0.11278,0.112604
0,0,0.084772,0.152453,0.149641
0,0,0.0843998,0.151473,0.148737
0,0,0.0547249,0.159053,0.145891
0,0,0.0376076,0.109929,0.112929
0,0,0.0776129,0.11315,0.11299
0,0,0.0706409,0.158317,0.155424
0,0,0.0706409,0.158317,0.155424
0,0,0.0677186,0.117124,0.116542
0,0,0.0377433,0.11022,0.113234
0,0,0.0679998,0.124388,0.126262
0,0,0.0456606,0.153065,0.147915
0,0,0.0729858,0.151456,0.138154
0,0,0.0488649,0.120621,0.120942
0,0,0.0773523,0.143977,0.138442
0,0,0.0685979,0.118457,0.117891
0,0,0.0575712,0.128392,0.12971
0,0,0.0597094,0.149722,0.144674
0,0,0.0902963,0.14877,0.147096
0,0,0.048279,0.119772,0.120055
0,0,0.0587147,0.129765,0.131136
0,0,0.0666107,0.148621,0.142961
0,0,0.055356,0.129534,0.131482
0,0,0.0483891,0.119437,0.119755
0,0,0.0772456,0.112662,0.112497
0,0,0.085625,0.153793,0.150982
0,0,0.0380143,0.114322,0.113629
0,0,0.0521391,0.110299,0.10963
0,0,0.0462469,0.155132,0.149898
0,0,0.075929,0.140847,0.135479
0,0,0.0782425,0.141969,0.136557
0,0,0.0740056,0.152762,0.139449
0,0,0.0460447,0.108829,0.108682
0,0,0.0583399,0.129327,0.130702
0,0,0.0854353,0.153184,0.150427
0,0,0.0796626,0.119383,0.121155
0,0,0.0375824,0.109782,0.112782
0,0,0.0774439,0.1131,0.112916
0,0,0.0786004,0.14318,0.137676
0,0,0.0674391,0.123563,0.125404
0,0,0.0709382,0.144105,0.139293
0,0,0.0365417,0.107846,0.110784
0,0,0.0556578,0.105849,0.105919
0,0,0.0375465,0.113107,0.112411
0,0,0.0761487,0.113108,0.112947
0,0,0.0443521,0.120215,0.121088
0,0,0.0472708,0.11122,0.111103
0,0,0.0767454,0.112015,0.11184
0,0,0.0589986,0.148604,0.143522
0,0,0.0768777,0.112208,0.112032
0,0,0.0773638,0.143601,0.13814
0,0,0.0747172,0.111398,0.111191
0,0,0.0697415,0.0962962,0.101967
0,0,0.0765724,0.142381,0.136926
0,0,0.0585063,0.163842,0.16084
0,0,0.0524131,0.119804,0.119586
0,0,0.0504988,0.106354,0.10926
0,0,0.0661671,0.125142,0.126466
0,0,0.0573086,0.116633,0.117466
0,0,0.0777334,0.113313,0.113154
0,0,0.0508517,0.1102,0.109519
0,0,0.036992,0.108358,0.111305
0,0,0.0534961,0.15641,0.143386
0,0,0.0676955,0.125386,0.126698
0,0,0.0470777,0.111013,0.110879
0,0,0.0644062,0.117456,0.117292
0,0,0.049554,0.107164,0.11011
0,0,0.0680195,0.124678,0.126537
0,0,0.0775248,0.112899,0.112752
0,0,0.073647,0.11256,0.11287
0,0,0.059407,0.128503,0.129859
0,0,0.0774995,0.113083,0.11291
0,0,0.0659827,0.153574,0.140821
0,0,0.0500364,0.105439,0.108316
0,0,0.0675986,0.123458,0.125298
0,0,0.059706,0.129065,0.130433
0,0,0.0567371,0.107046,0.108923
0,0,0.0541415,0.157849,0.144741
0,0,0.06407,0.117363,0.117155
0,0,0.0838604,0.153417,0.150613
0,0,0.0616426,0.103263,0.106084
0,0,0.0769999,0.112347,0.112189
0,0,0.0491491,0.103354,0.106191
0,0,0.0376044,0.109733,0.112737
0,0,0.0709873,0.15912,0.156209
0,0,0.0407557,0.16499,0.151229
0,0,0.0781467,0.142343,0.136873
0,0,0.0373473,0.109155,0.11214
0,0,0.0587863,0.126809,0.128127
0,0,0.0705451,0.143835,0.138984
0,0,0.0456685,0.153599,0.148418
0,0,0.0782401,0.155562,0.152006
0,0,0.0654069,0.0971352,0.0932537
0,0,0.0831651,0.152331,0.149522
0,0,0.0830224,0.151559,0.148752
0,0,0.0776752,0.100864,0.107488
0,0,0.058168,0.149693,0.144643
0,0,0.0539312,0.15795,0.144772
0,0,0.054583,0.159427,0.146179
0,0,0.0377452,0.110442,0.113458
0,0,0.0660716,0.113721,0.11516
0,0,0.0723958,0.152976,0.139583
0,0,0.0765355,0.142733,0.137201
0,0,0.0775488,0.144192,0.138667
0,0,0.0372504,0.109203,0.112204
0,0,0.0757994,0.112829,0.112641
0,0,0.0541278,0.158171,0.145007
0,0,0.0843762,0.151787,0.148981
0,0,0.0653611,0.116558,0.116365
0,0,0.0521134,0.110209,0.109544
0,0,0.0567687,0.162938,0.160005
0,0,0.0500503,0.105554,0.10844
0,0,0.0481262,0.119319,0.119607
0,0,0.0378336,0.114385,0.113698
0,0,0.0569227,0.107413,0.109295
0,0,0.0501965,0.105716,0.108605
0,0,0.0832008,0.152209,0.149427
0,0,0.0496657,0.107405,0.110358
0,0,0.0718168,0.143214,0.138382
0,0,0.0785705,0.143406,0.137902
0,0,0.0770284,0.112353,0.112187
0,0,0.0707809,0.144064,0.139213
0,0,0.0474321,0.121012,0.121316
0,0,0.0379181,0.110806,0.113844
0,0,0.0759888,0.112973,0.1128
0,0,0.0772112,0.140861,0.135465
0,0,0.0506631,0.106131,0.109027
0,0,0.067728,0.117471,0.116888
0,0,0.0707849,0.144113,0.139253
0,0,0.0775305,0.113008,0.11285
0,0,0.0625006,0.118231,0.116089
0,0,0.0375945,0.113782,0.113095
0,0,0.0832937,0.152817,0.149962
0,0,0.0594044,0.148957,0.143934
0,0,0.0734005,0.15227,0.138982
0,0,0.0365527,0.110472,0.113469
0,0,0.0640043,0.117725,0.117034
0,0,0.065084,0.146274,0.140724
0,0,0.0784669,0.15576,0.15223
0,0,0.03811,0.114171,0.113499
0,0,0.0776508,0.113052,0.112909
0,0,0.0680027,0.124488,0.126356
0,0,0.0840682,0.153565,0.150795
0,0,0.0772963,0.141183,0.135818
0,0,0.0706691,0.143874,0.138938
0,0,0.0762668,0.113427,0.113249
0,0,0.0670286,0.125451,0.127333
0,0,0.0782626,0.142122,0.136729
0,0,0.0313472,0.114497,0.11506
0,0,0.0376831,0.114054,0.113366
0,0,0.0782218,0.142372,0.136917
0,0,0.0373166,0.109189,0.112174
0,0,0.0767264,0.111809,0.111622
0,0,0.0583133,0.162463,0.159471
0,0,0.0576871,0.128101,0.129449
0,0,0.0782171,0.11388,0.113736
0,0,0.0712747,0.159738,0.156818
0,0,0.0495572,0.107402,0.110336
0,0,0.0593449,0.128447,0.129797
0,0,0.0584467,0.163585,0.160595
0,0,0.0577758,0.128298,0.129648
0,0,0.0734747,0.151632,0.138422
0,0,0.0590877,0.16459,0.161594
0,0,0.0683952,0.125288,0.127162
0,0,0.0740787,0.110017,0.109863
0,0,0.0501894,0.109092,0.108404
0,0,0.0477721,0.108835,0.108703
0,0,0.0593081,0.128577,0.129918
0,0,0.0845071,0.151646,0.148895
0,0,0.071636,0.123644,0.124919
0,0,0.0442258,0.152972,0.147857
0,0,0.0555457,0.115554,0.116409
0,0,0.0508343,0.107655,0.106992
0,0,0.0693896,0.155436,0.152605
0,0,0.0760221,0.113674,0.113017
0,0,0.0706664,0.158754,0.155818
0,0,0.05038,0.10569,0.108575
0,0,0.0836594,0.150629,0.147802
0,0,0.0706038,0.110271,0.110547
0,0,0.0547062,0.128505,0.130443
0,0,0.0709729,0.144431,0.139571
0,0,0.0711728,0.159509,0.156594
0,0,0.0709808,0.144557,0.139677
0,0,0.0776268,0.113194,0.113031
0,0,0.0661591,0.153985,0.141198
0,0,0.0591497,0.16523,0.162242
0,0,0.0584484,0.129588,0.130964
0,0,0.0725813,0.153033,0.139653
0,0,0.0764629,0.113649,0.113468
0,0,0.0516738,0.117729,0.11875
0,0,0.0779711,0.154336,0.150826
0,0,0.0761439,0.113231,0.113054
0,0,0.0701463,0.118574,0.118006
0,0,0.0404164,0.163602,0.149957
0,0,0.0666539,0.136315,0.128664
0,0,0.0507614,0.110601,0.109917
0,0,0.0657957,0.147856,0.142166
0,0,0.0567074,0.163082,0.160023
0,0,0.0760515,0.110868,0.110712
0,0,0.0352493,0.114516,0.11436
0,0,0.0408441,0.164694,0.150998
0,0,0.0588606,0.147657,0.142581
0,0,0.0461798,0.153293,0.148244
0,0,0.0485145,0.120066,0.120367
0,0,0.0655362,0.147386,0.141772
0,0,0.0642786,0.114504,0.115442
0,0,0.0761383,0.111111,0.110938
0,0,0.0439863,0.110965,0.111042
0,0,0.0769911,0.143302,0.13779
0,0,0.0638432,0.11638,0.116184
0,0,0.0772639,0.112635,0.112478
0,0,0.0677337,0.123986,0.12585
0,0,0.0730382,0.150794,0.137649
0,0,0.0504679,0.106355,0.109265
0,0,0.0521638,0.119047,0.118848
0,0,0.0746096,0.147932,0.143064
0,0,0.0733276,0.148437,0.143552
0,0,0.0721913,0.152467,0.139144
0,0,0.0720879,0.143837,0.138992
0,0,0.076647,0.113941,0.113781
0,0,0.0793889,0.119085,0.120862
0,0,0.0517013,0.109305,0.108648
0,0,0.0656684,0.112748,0.114184
0,0,0.0761684,0.11355,0.113349
0,0,0.059249,0.149324,0.144229
0,0,0.0585878,0.14999,0.144906
0,0,0.0543359,0.158894,0.145725
0,0,0.0509604,0.110989,0.110303
0,0,0.0380465,0.114663,0.113955
0,0,0.0704862,0.157971,0.155083
0,0,0.0770117,0.143198,0.137712
0,0,0.0730401,0.111735,0.112033
0,0,0.0671391,0.123951,0.12528
0,0,0.0677667,0.117079,0.116544
0,0,0.0764276,0.113328,0.113159
0,0,0.082329,0.150642,0.147873
0,0,0.047728,0.118174,0.118462
0,0,0.0640322,0.116893,0.116719
0,0,0.0758713,0.140589,0.135192
0,0,0.0588008,0.147443,0.142472
0,0,0.0701763,0.157276,0.154402
0,0,0.0444427,0.120543,0.121417
0,0,0.0582958,0.149587,0.14459
0,0,0.0505223,0.106227,0.109144
0,0,0.0769022,0.142772,0.137338
0,0,0.0581187,0.125922,0.127238
0,0,0.0481711,0.120795,0.120579
0,0,0.0840702,0.153546,0.15077
0,0,0.0543206,0.158317,0.145247
0,0,0.0596301,0.149208,0.144214
0,0,0.0507268,0.10666,0.109589
0,0,0.0717881,0.151723,0.138438
0,0,0.0458841,0.15435,0.149135
0,0,0.0704163,0.158457,0.155587
0,0,0.0704892,0.144032,0.139199
0,0,0.0476986,0.121252,0.121537
0,0,0.0851998,0.152527,0.149714
0,0,0.0735988,0.10382,0.105235
0,0,0.0915803,0.151528,0.148106
0,0,0.0589039,0.127508,0.128848
0,0,0.0410302,0.164099,0.150534
0,0,0.0757933,0.141357,0.135878
0,0,0.0376009,0.109836,0.112837
0,0,0.0458934,0.15397,0.148779
0,0,0.0774546,0.141305,0.135892
0,0,0.0788091,0.142678,0.13724
0,0,0.0742193,0.153436,0.14001
0,0,0.077693,0.144407,0.13886
0,0,0.055054,0.129022,0.130921
0,0,0.0596417,0.148797,0.143838
0,0,0.0453791,0.153301,0.147953
0,0,0.0406184,0.16419,0.150619
0,0,0.0665211,0.15497,0.142085
0,0,0.0775252,0.113153,0.112976
0,0,0.0767265,0.111854,0.111696
0,0,0.0767301,0.142661,0.137197
0,0,0.0847954,0.15229,0.149508
0,0,0.0471968,0.111095,0.110975
0,0,0.0504743,0.106303,0.109207
0,0,0.0577429,0.148577,0.143567
0,0,0.0466833,0.109864,0.109746
0,0,0.0763288,0.142138,0.136659
0,0,0.0732772,0.112253,0.112534
0,0,0.0779528,0.142214,0.136766
0,0,0.0486954,0.120911,0.121192
0,0,0.0446066,0.154753,0.149541
0,0,0.0596603,0.149199,0.144215
0,0,0.0496647,0.102337,0.0965881
0,0,0.0776584,0.113347,0.11317
0,0,0.048141,0.110415,0.110268
0,0,0.0639882,0.117315,0.117101
0,0,0.0546095,0.158447,0.145355
0,0,0.0484568,0.119101,0.119419
0,0,0.0713072,0.144751,0.139851
0,0,0.0756164,0.140185,0.1348
0,0,0.0607616,0.118567,0.115214
0,0,0.0373849,0.109695,0.112668
0,0,0.0702367,0.14348,0.138576
0,0,0.08363,0.120955,0.122257
0,0,0.0480669,0.141205,0.135606
0,0,0.0787388,0.156298,0.152744
0,0,0.0376793,0.110065,0.113072
0,0,0.0596097,0.137887,0.130877
0,0,0.0506335,0.106723,0.109634
0,0,0.0797355,0.157963,0.154427
0,0,0.0771146,0.112516,0.112345
0,0,0.0708033,0.141723,0.136866
0,0,0.0504862,0.10612,0.109037
0,0,0.0526386,0.121319,0.120606
0,0,0.0381883,0.114827,0.114131
0,0,0.077458,0.112924,0.112764
0,0,0.0791494,0.157081,0.153521
0,0,0.0764527,0.114338,0.113684
0,0,0.045803,0.152697,0.14753
0,0,0.0654602,0.147517,0.141881
0,0,0.0732522,0.151571,0.138315
0,0,0.0709815,0.158757,0.155895
0,0,0.0531126,0.158768,0.14563
0,0,0.0836544,0.152773,0.150023
0,0,0.0445705,0.120315,0.121169
0,0,0.0464922,0.110216,0.11006
0,0,0.0595818,0.128943,0.1303
0,0,0.0656644,0.153971,0.141068
0,0,0.0373093,0.11001,0.112969
0,0,0.0375565,0.109742,0.112727
0,0,0.0724179,0.144343,0.139484
0,0,0.0693167,0.141657,0.136905
0,0,0.0483264,0.119708,0.120003
0,0,0.0686151,0.158521,0.144218
0,0,0.0381199,0.111304,0.114348
0,0,0.047211,0.111106,0.110987
0,0,0.0516381,0.109408,0.108731
0,0,0.0775993,0.113111,0.112953
0,0,0.0542448,0.157491,0.144392
0,0,0.0441223,0.153122,0.147938
0,0,0.0492868,0.106848,0.109768
0,0,0.0720545,0.149813,0.136689
0,0,0.0482134,0.119146,0.119418
0,0,0.0723317,0.15021,0.137003
0,0,0.0630669,0.115627,0.115413
0,0,0.037201,0.109192,0.112192
0,0,0.0707092,0.15847,0.155574
0,0,0.0718162,0.156964,0.154096
0,0,0.0727094,0.150372,0.13723
0,0,0.0839277,0.153529,0.150692
0,0,0.0529732,0.15845,0.145328
0,0,0.0721568,0.112748,0.113029
0,0,0.0458693,0.153952,0.148757
0,0,0.0525509,0.119873,0.119678
0,0,0.0775392,0.143927,0.138453
0,0,0.0659039,0.147872,0.142207
0,0,0.0483018,0.119402,0.119709
0,0,0.0476428,0.108889,0.108726
0,0,0.0772714,0.112627,0.112469
0,0,0.0772714,0.112627,0.112469
0,0,0.0588576,0.16512,0.162071
0,0,0.0395401,0.166013,0.15219
0,0,0.0500892,0.109439,0.108738
0,0,0.0681184,0.117622,0.117056
0,0,0.075535,0.11217,0.112013
0,0,0.0367996,0.107886,0.110851
0,0,0.0557475,0.107657,0.108139
0,0,0.0767356,0.143174,0.137615
0,0,0.0577498,0.161441,0.158532
0,0,0.0697093,0.117344,0.116798
0,0,0.0679548,0.124525,0.126384
0,0,0.0487228,0.120493,0.1208
0,0,0.0461685,0.15404,0.148813
0,0,0.0506481,0.106385,0.109269
0,0,0.0497089,0.107499,0.110454
0,0,0.0724759,0.152934,0.13957
0,0,0.0729817,0.138242,0.127788
0,0,0.0770574,0.142418,0.137011
0,0,0.0336384,0.110778,0.114463
0,0,0.0674174,0.116558,0.115984
0,0,0.0330888,0.113229,0.112639
0,0,0.0524683,0.158225,0.145113
0,0,0.0500193,0.109113,0.108416
0,0,0.0492199,0.106504,0.109428
0,0,0.0547786,0.128254,0.130177
0,0,0.0507831,0.110623,0.109939
0,0,0.0494363,0.107547,0.110456
0,0,0.0648387,0.15141,0.138781
0,0,0.0503078,0.105674,0.108544
0,0,0.0529638,0.158112,0.14496
0,0,0.0772379,0.112733,0.112557
0,0,0.0761465,0.111411,0.111213
0,0,0.0711894,0.144659,0.139822
0,0,0.0775944,0.113114,0.112955
0,0,0.0392285,0.163261,0.149752
0,0,0.0712086,0.14731,0.134429
0,0,0.0737212,0.152368,0.139063
0,0,0.0756213,0.112511,0.112329
0,0,0.0556595,0.116097,0.116934
0,0,0.0778592,0.113355,0.113211
0,0,0.0766057,0.113804,0.11364
0,0,0.07689,0.112348,0.112149
0,0,0.0759512,0.113194,0.112989
0,0,0.0702798,0.158032,0.155085
0,0,0.07793,0.142231,0.136722
0,0,0.0505733,0.106573,0.109469
0,0,0.0505733,0.106573,0.109469
0,0,0.0311828,0.114813,0.115344
0,0,0.0528669,0.120304,0.120128
0,0,0.0514809,0.120875,0.120704
0,0,0.0505807,0.106335,0.109256
0,0,0.0849929,0.152657,0.149868
0,0,0.0377462,0.113924,0.113217
0,0,0.0481379,0.11003,0.109911
0,0,0.0558002,0.107276,0.107799
0,0,0.0563838,0.145776,0.140788
0,0,0.057405,0.127303,0.12862
0,0,0.0488096,0.105624,0.108486
0,0,0.078884,0.157428,0.153841
0,0,0.0497661,0.108351,0.107684
0,0,0.0634502,0.116279,0.116068
0,0,0.0634502,0.116279,0.116068
0,0,0.0619896,0.103731,0.106578
0,0,0.0653967,0.112278,0.113725
0,0,0.044823,0.155581,0.150335
0,0,0.037561,0.113232,0.112531
0,0,0.0768035,0.112099,0.111924
0,0,0.0370211,0.108141,0.111096
0,0,0.0456203,0.152626,0.147491
0,0,0.0708381,0.144221,0.139358
0,0,0.0799619,0.11966,0.121453
0,0,0.0375496,0.110548,0.113565
0,0,0.0638831,0.116557,0.116394
0,0,0.0773238,0.112785,0.112619
0,0,0.0640583,0.116934,0.116761
0,0,0.0508752,0.106795,0.109691
0,0,0.0710209,0.159077,0.156181
0,0,0.0483777,0.119823,0.120118
0,0,0.0766451,0.1426,0.137124
0,0,0.0668789,0.122397,0.124237
0,0,0.0587018,0.164674,0.161634
0,0,0.0765589,0.142356,0.136902
0,0,0.0502924,0.105919,0.108814
0,0,0.0723477,0.152159,0.138845
0,0,0.0847347,0.151651,0.148853
0,0,0.0543697,0.157642,0.144524
0,0,0.0715765,0.157581,0.154633
0,0,0.0524436,0.119794,0.11959
0,0,0.0374572,0.113481,0.112751
0,0,0.0483533,0.119667,0.119967
0,0,0.0833912,0.152558,0.14977
0,0,0.0719535,0.151865,0.138573
0,0,0.075985,0.112994,0.112818
0,0,0.0490535,0.10615,0.109049
0,0,0.0846361,0.151797,0.149027
0,0,0.0785156,0.156465,0.15284
0,0,0.077345,0.112928,0.112747
0,0,0.0779827,0.142121,0.136701
0,0,0.0459001,0.153681,0.148526
0,0,0.0653289,0.146582,0.140966
0,0,0.0377741,0.110273,0.113283
0,0,0.0702019,0.143475,0.138562
0,0,0.0508875,0.107173,0.110101
0,0,0.0731075,0.151196,0.137981
0,0,0.0697226,0.0964629,0.102134
0,0,0.0783306,0.155232,0.15175
0,0,0.0480982,0.104625,0.107456
0,0,0.0662444,0.123948,0.113001
0,0,0.0504179,0.105964,0.108877
0,0,0.07853,0.142358,0.136956
0,0,0.0716681,0.145911,0.140991
0,0,0.0450484,0.156363,0.151091
0,0,0.0528521,0.158499,0.145332
0,0,0.0502586,0.105989,0.108875
0,0,0.079877,0.113887,0.113289
0,0,0.0641307,0.114103,0.115051
0,0,0.0767217,0.142135,0.136745
0,0,0.068345,0.11787,0.117316
0,0,0.0500318,0.105393,0.108275
0,0,0.076634,0.111817,0.111647
0,0,0.072906,0.151493,0.138175
0,0,0.061316,0.102709,0.105516
0,0,0.0504735,0.109767,0.109102
0,0,0.0455409,0.153682,0.14843
0,0,0.0764251,0.142038,0.136594
0,0,0.0499785,0.106005,0.108893
0,0,0.0523867,0.157877,0.144701
0,0,0.0594138,0.149068,0.144032
0,0,0.0762205,0.113379,0.113198
0,0,0.0706508,0.158703,0.155761
0,0,0.0710655,0.145213,0.140341
0,0,0.0722935,0.110746,0.111024
0,0,0.0508823,0.106799,0.109704
0,0,0.0758525,0.110998,0.110794
0,0,0.0501007,0.105432,0.108308
0,0,0.0598947,0.150074,0.145026
0,0,0.0779809,0.113775,0.113603
0,0,0.0770899,0.112159,0.112027
0,0,0.0663237,0.113775,0.115248
0,0,0.0470028,0.110841,0.110709
0,0,0.0519959,0.110368,0.109671
0,0,0.0488284,0.120843,0.121145
0,0,0.0785064,0.143162,0.137633
0,0,0.0739328,0.152766,0.13941
0,0,0.0551396,0.129216,0.131135
0,0,0.0845947,0.152453,0.149591
0,0,0.0782883,0.116447,0.108905
0,0,0.0450184,0.155732,0.150524
0,0,0.0509633,0.107137,0.11008
0,0,0.0534776,0.159974,0.146725
0,0,0.0713038,0.159528,0.156646
0,0,0.077525,0.112716,0.112592
0,0,0.0550225,0.159456,0.146297
0,0,0.0506122,0.106547,0.109455
0,0,0.0395273,0.165106,0.151391
0,0,0.0700772,0.142911,0.138057
0,0,0.0720551,0.1527,0.137696
0,0,0.0846499,0.15165,0.148859
0,0,0.0757713,0.112514,0.112328
0,0,0.0770675,0.112343,0.112186
0,0,0.037422,0.112912,0.112208
0,0,0.0654466,0.152424,0.139755
0,0,0.0393071,0.113788,0.113104
0,0,0.0575122,0.127712,0.129056
0,0,0.0664076,0.155224,0.14226
0,0,0.0535688,0.156755,0.143721
0,0,0.0768324,0.143272,0.137797
0,0,0.0655521,0.152933,0.140196
0,0,0.0850035,0.152279,0.149447
0,0,0.0379561,0.125759,0.123428
0,0,0.0363878,0.11051,0.11353
0,0,0.0486823,0.120085,0.120409
0,0,0.0775668,0.113069,0.112883
0,0,0.0380877,0.110466,0.11348
0,0,0.0687748,0.118507,0.117927
0,0,0.0402569,0.162583,0.149044
0,0,0.0489026,0.120664,0.12095
0,0,0.0855636,0.153227,0.150405
0,0,0.0393799,0.165329,0.151564
0,0,0.0466346,0.109878,0.109752
0,0,0.0703213,0.143647,0.138737
0,0,0.0769904,0.112648,0.11244
0,0,0.055107,0.109079,0.107917
0,0,0.0449624,0.15562,0.150409
0,0,0.0708982,0.143562,0.138832
0,0,0.0651088,0.146665,0.141066
0,0,0.0702686,0.143578,0.138765
0,0,0.0755741,0.119734,0.122128
0,0,0.0457309,0.153425,0.148252
0,0,0.0506001,0.1195,0.119287
0,0,0.0521133,0.110298,0.109625
0,0,0.0533466,0.159722,0.146483
0,0,0.039309,0.113995,0.113298
0,0,0.0576656,0.148205,0.143133
0,0,0.07184,0.143743,0.138825
0,0,0.0767334,0.14256,0.137052
0,0,0.0502385,0.105843,0.108733
0,0,0.0456647,0.153301,0.148125
0,0,0.0712594,0.156704,0.153783
0,0,0.0856995,0.152902,0.150178
0,0,0.0775532,0.14318,0.137777
0,0,0.0695025,0.155794,0.152944
0,0,0.0842581,0.151443,0.14866
0,0,0.0705862,0.144288,0.139437
0,0,0.0790281,0.156874,0.153319
0,0,0.059102,0.164754,0.161743
0,0,0.0594091,0.128465,0.12983
0,0,0.0460707,0.154397,0.149223
0,0,0.0596038,0.128922,0.130287
0,0,0.046264,0.154715,0.14954
0,0,0.0809342,0.113362,0.112766
0,0,0.0844658,0.152202,0.149348
0,0,0.0654259,0.152026,0.139432
0,0,0.0718323,0.1573,0.154393
0,0,0.0768774,0.112207,0.112032
0,0,0.0768774,0.112207,0.112032
0,0,0.0506348,0.110039,0.109348
0,0,0.0583366,0.129543,0.130906
0,0,0.0701504,0.143397,0.138582
0,0,0.0498882,0.105361,0.108218
0,0,0.0846158,0.152338,0.149502
0,0,0.0705617,0.144176,0.139243
0,0,0.0566857,0.162733,0.159683
0,0,0.0765114,0.111621,0.111413
0,0,0.0583419,0.12626,0.127588
0,0,0.0710274,0.158902,0.155976
0,0,0.0655689,0.15291,0.140268
0,0,0.0764198,0.113659,0.113479
0,0,0.0546276,0.159325,0.146089
0,0,0.0659417,0.153641,0.140867
0,0,0.0506132,0.106562,0.109476
0,0,0.0851448,0.15289,0.150102
0,0,0.0769983,0.142959,0.137495
0,0,0.0768609,0.112457,0.112249
0,0,0.050171,0.106062,0.10893
0,0,0.0714505,0.145405,0.140512
0,0,0.077284,0.143397,0.137947
0,0,0.0374661,0.109623,0.112609
0,0,0.0553509,0.107729,0.107796
0,0,0.076454,0.13994,0.134508
0,0,0.0494995,0.104659,0.107487
0,0,0.0849668,0.15247,0.149707
0,0,0.0802517,0.120099,0.121866
0,0,0.07239,0.143847,0.138967
0,0,0.05087,0.106645,0.109556
0,0,0.0829137,0.151711,0.148934
0,0,0.0586415,0.16347,0.160482
0,0,0.0410029,0.165001,0.151299
0,0,0.0831451,0.111311,0.113902
0,0,0.0799373,0.113997,0.113396
0,0,0.0769232,0.140793,0.135328
0,0,0.0369799,0.108603,0.111541
0,0,0.0777756,0.113705,0.113506
0,0,0.0768187,0.121551,0.123996
0,0,0.0780956,0.142475,0.137016
0,0,0.0376225,0.109899,0.112902
0,0,0.0666481,0.1271,0.115893
0,0,0.0839427,0.150555,0.147837
0,0,0.0719683,0.14358,0.138674
0,0,0.0539498,0.158065,0.144872
0,0,0.0513968,0.108721,0.108061
0,0,0.0551867,0.116131,0.116491
0,0,0.0769335,0.112292,0.112116
0,0,0.0773263,0.143783,0.138274
0,0,0.0770396,0.112444,0.112268
0,0,0.0663497,0.154204,0.141423
0,0,0.0574643,0.11702,0.117848
0,0,0.0977004,0.149729,0.147534
0,0,0.039539,0.165329,0.1516
0,0,0.0494296,0.107129,0.110018
0,0,0.0592044,0.128126,0.129474
0,0,0.0836786,0.153084,0.150287
0,0,0.0361983,0.110008,0.113051
0,0,0.0656121,0.152712,0.14003
0,0,0.0468584,0.120788,0.120592
0,0,0.0510164,0.120479,0.120299
0,0,0.083896,0.150685,0.147932
0,0,0.0371479,0.109053,0.112042
0,0,0.0520551,0.119525,0.119342
0,0,0.0797526,0.119733,0.121503
0,0,0.064772,0.115787,0.115572
0,0,0.0697108,0.156519,0.153628
0,0,0.0461465,0.154785,0.149569
0,0,0.0487756,0.120693,0.120996
0,0,0.0714163,0.159988,0.157061
0,0,0.0601132,0.150607,0.145544
0,0,0.0548495,0.158972,0.145829
0,0,0.0713032,0.159103,0.156251
0,0,0.0671699,0.136555,0.129033
0,0,0.076545,0.139723,0.134308
0,0,0.0537001,0.157458,0.144305
0,0,0.0582872,0.150768,0.145601
0,0,0.076948,0.112259,0.11209
0,0,0.077263,0.113751,0.113096
0,0,0.0799283,0.119527,0.121304
0,0,0.0394287,0.164534,0.150874
0,0,0.0780241,0.142221,0.136776
0,0,0.0658627,0.15695,0.142698
0,0,0.0376825,0.110376,0.113376
0,0,0.0485184,0.12004,0.120341
0,0,0.0504801,0.106288,0.109192
0,0,0.0587306,0.163845,0.160888
0,0,0.0464401,0.154238,0.149056
0,0,0.0681601,0.130115,0.130059
0,0,0.0761825,0.141658,0.136211
0,0,0.0373906,0.112245,0.111535
0,0,0.0504117,0.106171,0.109072
0,0,0.0657632,0.113097,0.114536
0,0,0.077547,0.143924,0.138453
0,0,0.0768115,0.112322,0.112122
0,0,0.0560727,0.110726,0.109534
0,0,0.0558036,0.110451,0.109275
0,0,0.0784496,0.155868,0.15232
0,0,0.0768132,0.111988,0.111829
0,0,0.0704126,0.157915,0.155052
0,0,0.0503574,0.105994,0.108906
0,0,0.0762898,0.113565,0.113376
0,0,0.0659805,0.0977356,0.0938545
0,0,0.0685577,0.118427,0.117838
0,0,0.065338,0.123631,0.124896
0,0,0.0486351,0.105463,0.1083
0,0,0.0701495,0.123751,0.125046
0,0,0.0701309,0.103597,0.105385
0,0,0.0506894,0.110246,0.109577
0,0,0.0531858,0.159131,0.145949
0,0,0.0783189,0.142882,0.137408
0,0,0.0907239,0.150182,0.146779
0,0,0.057104,0.107912,0.107991
0,0,0.059294,0.128265,0.129619
0,0,0.0775036,0.102446,0.109202
0,0,0.0465594,0.109572,0.109455
0,0,0.0734029,0.145723,0.140849
0,0,0.0498851,0.107911,0.110876
0,0,0.0597775,0.149892,0.144838
0,0,0.0654851,0.152397,0.139744
0,0,0.0487193,0.120797,0.121096
0,0,0.066335,0.154696,0.141838
0,0,0.046909,0.110881,0.11073
0,0,0.0494558,0.106903,0.109796
0,0,0.0468619,0.109696,0.109575
0,0,0.0485156,0.119393,0.119692
0,0,0.0730134,0.111807,0.112084
0,0,0.0375586,0.109393,0.112399
0,0,0.0556983,0.110032,0.108879
0,0,0.0452205,0.155656,0.150509
0,0,0.0771663,0.143207,0.137765
0,0,0.0764924,0.111583,0.111416
0,0,0.0480687,0.118831,0.119136
0,0,0.0540284,0.156681,0.143644
0,0,0.0507003,0.106601,0.109528
0,0,0.0674652,0.116685,0.116106
0,0,0.0765313,0.111702,0.111528
0,0,0.037686,0.10955,0.112531
0,0,0.0712456,0.144771,0.139931
0,0,0.0659268,0.153167,0.140512
0,0,0.0375589,0.109428,0.112448
0,0,0.0772134,0.112955,0.112746
0,0,0.0717873,0.143052,0.138271
0,0,0.0768849,0.112147,0.111981
0,0,0.0776044,0.113103,0.112947
0,0,0.0596667,0.149182,0.144202
0,0,0.0435587,0.110661,0.110737
0,0,0.0708796,0.144305,0.13944
0,0,0.0492608,0.121588,0.121912
0,0,0.0731286,0.145509,0.140648
0,0,0.0836273,0.153511,0.150728
0,0,0.0396119,0.114128,0.113434
0,0,0.0766937,0.142153,0.136692
0,0,0.0585461,0.163049,0.160043
0,0,0.0778784,0.141793,0.136354
0,0,0.0499882,0.105082,0.10797
0,0,0.0669174,0.114306,0.115753
0,0,0.0660159,0.14737,0.141794
0,0,0.0372048,0.108709,0.111687
0,0,0.0728003,0.153035,0.139734
0,0,0.0366663,0.110717,0.113773
0,0,0.0372829,0.108945,0.11192
0,0,0.0706385,0.144364,0.139419
0,0,0.0375225,0.109453,0.112451
0,0,0.0707567,0.144399,0.13948
0,0,0.0585548,0.162957,0.160067
0,0,0.0379081,0.110384,0.113419
0,0,0.0504742,0.10995,0.10927
0,0,0.0707243,0.144005,0.13915
0,0,0.0787209,0.156281,0.15274
0,0,0.0557337,0.110312,0.109138
0,0,0.0373617,0.109134,0.112116
0,0,0.0549705,0.128618,0.130551
0,0,0.0763799,0.111474,0.111298
0,0,0.0780965,0.113551,0.113426
0,0,0.0717895,0.159847,0.157047
0,0,0.085613,0.153314,0.150489
0,0,0.0539871,0.157776,0.144644
0,0,0.0728608,0.144528,0.13971
0,0,0.0538192,0.160537,0.147189
0,0,0.0373641,0.109178,0.112159
0,0,0.0588238,0.127331,0.128669
0,0,0.0488386,0.120434,0.120731
0,0,0.0390955,0.113177,0.112495
0,0,0.0827445,0.119791,0.121069
0,0,0.0659226,0.154225,0.14134
0,0,0.0769695,0.11255,0.11235
0,0,0.0503698,0.110062,0.109357
0,0,0.0538315,0.156945,0.143912
0,0,0.0689549,0.116863,0.116246
0,0,0.0489398,0.111178,0.1111
0,0,0.053819,0.156074,0.143192
0,0,0.044107,0.152114,0.147066
0,0,0.0556878,0.107483,0.108013
0,0,0.0753348,0.112024,0.111848
0,0,0.0739114,0.152457,0.139162
0,0,0.0597533,0.149343,0.144335
0,0,0.0590413,0.14803,0.143041
0,0,0.0721947,0.152223,0.138915
0,0,0.0587966,0.147094,0.142174
0,0,0.0373544,0.113111,0.112428
0,0,0.0903743,0.150094,0.146706
0,0,0.0665302,0.154849,0.14199
0,0,0.0772706,0.112545,0.112369
0,0,0.0765569,0.111472,0.111319
0,0,0.0675389,0.11645,0.115896
0,0,0.0703248,0.103656,0.105473
0,0,0.0574932,0.0996889,0.10554
0,0,0.0787181,0.15604,0.152444
0,0,0.0762903,0.11135,0.111176
0,0,0.058466,0.126528,0.12786
0,0,0.0701541,0.142469,0.137707
0,0,0.0839157,0.151092,0.148276
0,0,0.0725697,0.150083,0.136966
0,0,0.0479605,0.118695,0.118992
0,0,0.0585091,0.16387,0.160894
0,0,0.0499737,0.10886,0.108186
0,0,0.0689695,0.119021,0.118418
0,0,0.0659041,0.153146,0.140456
0,0,0.0765218,0.142251,0.136807
0,0,0.0776054,0.154038,0.150549
0,0,0.0657176,0.112984,0.114425
0,0,0.0544271,0.159144,0.145874
0,0,0.0646734,0.147793,0.142213
0,0,0.0503071,0.10595,0.108845
0,0,0.0699748,0.157119,0.154217
0,0,0.0827497,0.151609,0.148809
0,0,0.0493762,0.106944,0.10988
0,0,0.0733112,0.150806,0.137652
0,0,0.0591889,0.165052,0.162092
0,0,0.0473383,0.111072,0.110975
0,0,0.0772814,0.112797,0.112621
0,0,0.049173,0.106453,0.109336
0,0,0.0462223,0.154568,0.149399
0,0,0.0575317,0.147626,0.142695
0,0,0.076439,0.111751,0.111554
0,0,0.0604156,0.147618,0.144241
0,0,0.0481234,0.11038,0.11023
0,0,0.076371,0.142199,0.136725
0,0,0.070049,0.142614,0.137806
0,0,0.0598247,0.129184,0.130548
0,0,0.077267,0.112776,0.1126
0,0,0.077267,0.112776,0.1126
0,0,0.0498357,0.104958,0.107825
0,0,0.0762605,0.111307,0.111133
0,0,0.0706303,0.143749,0.138909
0,0,0.0407516,0.164579,0.150844
0,0,0.04588,0.15436,0.149088
0,0,0.037579,0.109772,0.112771
0,0,0.0505233,0.10613,0.109052
0,0,0.047107,0.119742,0.120066
0,0,0.0774906,0.113387,0.113179
0,0,0.0503253,0.109626,0.108947
0,0,0.0576774,0.148408,0.143404
0,0,0.0772477,0.112981,0.112778
0,0,0.0505193,0.106165,0.10908
0,0,0.0567064,0.106774,0.108662
0,0,0.0503117,0.106054,0.108952
0,0,0.0715935,0.145759,0.140844
0,0,0.076891,0.112139,0.111965
0,0,0.076891,0.112139,0.111965
0,0,0.0659441,0.153786,0.140985
0,0,0.0474254,0.117371,0.117665
0,0,0.0448665,0.150525,0.14545
0,0,0.0594897,0.149202,0.144168
0,0,0.0707187,0.158704,0.15578
0,0,0.07087,0.158717,0.155812
0,0,0.0594756,0.136254,0.129394
0,0,0.0378012,0.110421,0.113438
0,0,0.0759578,0.112995,0.112814
0,0,0.0659422,0.153579,0.140814
0,0,0.0770835,0.112508,0.112332
0,0,0.0471839,0.110835,0.110731
0,0,0.0827664,0.151269,0.148526
0,0,0.0770118,0.112403,0.112228
0,0,0.0768166,0.112218,0.112028
0,0,0.0454702,0.153584,0.148434
0,0,0.0659956,0.153604,0.140849
0,0,0.0535019,0.159922,0.146688
0,0,0.0700224,0.143042,0.138154
0,0,0.0765534,0.111734,0.11156
0,0,0.0373637,0.112637,0.11194
0,0,0.0505823,0.10637,0.109289
0,0,0.0442753,0.119944,0.120818
0,0,0.0775112,0.112854,0.112711
0,0,0.0574241,0.147757,0.142775
0,0,0.0701252,0.142769,0.137956
0,0,0.0482192,0.119607,0.119892
0,0,0.0713243,0.159645,0.156754
0,0,0.0740505,0.110148,0.109978
0,0,0.0762554,0.111159,0.111004
0,0,0.0838749,0.150409,0.147704
0,0,0.0726902,0.144933,0.140046
0,0,0.0360801,0.109206,0.112209
0,0,0.0763788,0.11125,0.111103
0,0,0.0445636,0.120535,0.121424
0,0,0.0377373,0.110234,0.113246
0,0,0.0374657,0.109554,0.112553
0,0,0.0469169,0.110265,0.110114
0,0,0.0646374,0.113508,0.114918
0,0,0.0678306,0.124396,0.126246
0,0,0.0505307,0.105686,0.108584
0,0,0.0783671,0.142153,0.136765
0,0,0.038047,0.113707,0.113019
0,0,0.0593756,0.128202,0.129569
0,0,0.054315,0.159077,0.145804
0,0,0.0375434,0.113238,0.112534
0,0,0.0804058,0.120574,0.122368
0,0,0.0508615,0.110807,0.11012
0,0,0.0557263,0.1101,0.108946
0,0,0.0839819,0.154167,0.151273
0,0,0.0760675,0.141954,0.136438
0,0,0.0760675,0.141954,0.136438
0,0,0.0677574,0.117191,0.116609
0,0,0.0595308,0.149536,0.144459
0,0,0.0460369,0.154828,0.149571
0,0,0.0756148,0.112728,0.112553
0,0,0.0660979,0.148343,0.142668
0,0,0.0503099,0.106132,0.109019
0,0,0.0308912,0.113806,0.11437
0,0,0.0662371,0.153788,0.141062
0,0,0.0770189,0.142933,0.137502
0,0,0.0380972,0.114613,0.113923
0,0,0.0737309,0.152813,0.139418
0,0,0.0394762,0.165823,0.152011
0,0,0.05631,0.108251,0.108779
0,0,0.0767791,0.112051,0.111875
0,0,0.0498455,0.104978,0.107847
0,0,0.0664356,0.124617,0.126474
0,0,0.0379208,0.11393,0.113244
0,0,0.0576455,0.164822,0.161838
0,0,0.0471816,0.110539,0.110426
0,0,0.076059,0.111394,0.111216
0,0,0.0589363,0.148109,0.143077
0,0,0.0776275,0.113302,0.113125
0,0,0.0487548,0.12066,0.120963
0,0,0.0563958,0.106403,0.108268
0,0,0.0762976,0.113459,0.113282
0,0,0.0818849,0.109387,0.111939
0,0,0.070967,0.144483,0.139611
0,0,0.070967,0.144483,0.139611
0,0,0.048466,0.105415,0.108302
0,0,0.0760965,0.142158,0.13661
0,0,0.0462222,0.10925,0.109102
0,0,0.0768909,0.142841,0.137389
0,0,0.0550222,0.159384,0.146169
0,0,0.0575921,0.127893,0.129239
0,0,0.086449,0.119817,0.120635
0,0,0.073195,0.151445,0.138201
0,0,0.0765309,0.14222,0.136785
0,0,0.0517724,0.109572,0.108902
0,0,0.0662146,0.113836,0.115288
0,0,0.0630515,0.110869,0.11228
0,0,0.0753727,0.110011,0.109839
0,0,0.0485843,0.103228,0.0974397
0,0,0.0664671,0.154702,0.141855
0,0,0.0677625,0.124648,0.126474
0,0,0.0593058,0.14947,0.144348
0,0,0.0501835,0.106059,0.108963
0,0,0.061719,0.103391,0.106215
0,0,0.057784,0.1176,0.118437
0,0,0.0702583,0.158134,0.155167
0,0,0.0729118,0.151412,0.1381
0,0,0.0579257,0.117464,0.118333
0,0,0.0766354,0.111712,0.111556
0,0,0.0622431,0.103669,0.106524
0,0,0.0717033,0.144752,0.139953
0,0,0.0522309,0.110919,0.110247
0,0,0.0702562,0.157146,0.154312
0,0,0.0479921,0.109625,0.109506
0,0,0.0797211,0.119552,0.121331
0,0,0.0697664,0.142808,0.137884
0,0,0.0705418,0.143618,0.138775
0,0,0.0707417,0.158543,0.155646
0,0,0.0656162,0.147227,0.141586
0,0,0.0545822,0.159134,0.145919
0,0,0.0851937,0.153134,0.150318
0,0,0.0331472,0.109838,0.113463
0,0,0.040748,0.165165,0.151378
0,0,0.0539502,0.174807,0.162853
0,0,0.0703789,0.15773,0.154847
0,0,0.0708522,0.144166,0.139317
0,0,0.0593411,0.148688,0.143687
0,0,0.0575512,0.127784,0.129128
0,0,0.0664043,0.154556,0.141721
0,0,0.0377554,0.110662,0.113708
0,0,0.0662144,0.11411,0.115585
0,0,0.0708361,0.158755,0.155853
0,0,0.0584131,0.163491,0.160503
0,0,0.0412873,0.165914,0.152152
0,0,0.0849895,0.152542,0.149771
0,0,0.0657121,0.113046,0.114488
0,0,0.0770415,0.112788,0.112613
0,0,0.0768377,0.112053,0.111882
0,0,0.0502336,0.10565,0.108539
0,0,0.068113,0.125972,0.127305
0,0,0.0766927,0.11206,0.111893
0,0,0.054471,0.159155,0.146008
0,0,0.0529804,0.158589,0.145444
0,0,0.0834906,0.152587,0.14982
